{
  "quantity_mean": 5.5175,
  "quantity_std": 2.8785228416672326,
  "quantity_median": 6.0,
  "quantity_95th_percentile": 10.0,
  "unit_price_mean": 254.04279100000002,
  "unit_price_std": 140.75760351974,
  "unit_price_median": 251.275,
  "unit_price_95th_percentile": 474.60549999999995,
  "total_amount_mean": 1399.138283,
  "total_amount_std": 1138.5527095306838,
  "total_amount_median": 1083.275,
  "total_amount_95th_percentile": 3725.7309999999993,
  "age_mean": 48.8007,
  "age_std": 18.557316064291193,
  "age_median": 49.0,
  "age_95th_percentile": 77.0,
  "annual_spend_mean": 2566.207131,
  "annual_spend_std": 1417.1949950465034,
  "annual_spend_median": 2553.24,
  "annual_spend_95th_percentile": 4751.36,
  "cost_mean": 104.51169999999999,
  "cost_std": 56.593715033826854,
  "cost_median": 111.58,
  "cost_95th_percentile": 192.53,
  "price_mean": 252.220524,
  "price_std": 141.88412610840376,
  "price_median": 239.76,
  "price_95th_percentile": 477.58,
  "stock_quantity_mean": 508.0413,
  "stock_quantity_std": 293.40621771583164,
  "stock_quantity_median": 516.0,
  "stock_quantity_95th_percentile": 942.0
}